identification,name,date of birth,street,city,postal,country,phone,identification type,gender,allergies,food preferences,qualifications,years of work experience,occupation,computer skills,languages known,password
2176,Len Hale,07/22/2004,"P.O. Box 549, 3604 Etiam Rd.",Seevetal,85200,Heard Island and Mcdonald Islands,178-9940,PAN,female,cereals,vegan,"ME, MDS",3yr,,expert,"portugese, french",abc123
2178,Bianca Espinoza,12/07/1986,"P.O. Box 420, 1567 Purus St.",Banbury,18722,Grenada,849-2326,SSN,female,pork,kosher,"BDS, MS",,electrical engineer,expert,", bengali, russian",abc123
2180,Anika Frost,03/10/2002,8904 Ante Ave,My,G8C 4R9,Andorra,1-912-959-6267,ABN,male,peanuts,kosher,,,general practitioner,advanced,malay,abc123
2182,Kessie Barlow,01/24/1995,Ap #286-3953 At Rd.,Cap-de-la-Madeleine,38520,Turkmenistan,1-779-771-4961,ADHAAR,female,pasta,kosher,"MBA, BDS","10yr, 2yr","painter, electrician, plumber",expert,"french, spanish, russian",abc123
2184,Lawrence Campbell,01/21/1994,Ap #285-7993 Nisl Ave,Morhet,44-526,Kazakhstan,263-6463,ABN,male,cereals,halal,"MIT, MS",,builder,expert,"hindi, mandarin, italian, russian",abc123
2186,Allistair Gilbert,04/21/2009,"P.O. Box 963, 196 Taciti St.",Porirua,6284,Japan,149-1097,SSN,female,none,halal,BE,"12yr, 8yr",,expert,,abc123
2188,Jaden Curtis,09/09/1982,454 Euismod St.,Eckville,23221,Syria,1-379-888-8028,PAN,male,peanuts,kosher,"MS, MDS","2yr, 7yr",,advanced,"bengali, arabic",abc123
2190,Alika Reynolds,08/06/2000,Ap #913-1525 Consequat Rd.,Machynlleth,64531-60022,Spain,1-110-763-7868,ADHAAR,female,beef,vegan,BE,"15yr, 6yr","civil engineer, surgeon",intermediate,,abc123
2192,Dante Mcgowan,02/06/1990,"P.O. Box 922, 8478 Habitant Street",Pau,41080-265,Tunisia,596-0152,SSN,female,pasta,vegan,,"12yr, 5yr",,advanced,"french, bengali, hausa",abc123
2194,Morgan Aguirre,09/09/1974,Ap #811-5890 Ipsum Rd.,Yangsan,32735,Falkland Islands,441-4057,ADHAAR,female,pasta,none,,"2yr, 1yr",,novice,,abc123
2196,Inez Gibbs,06/13/1966,Ap #753-8005 Hymenaeos. Street,Tunja,554397,Fiji,597-5548,PAN,male,peanuts,vegetarian,"MIT, BDS",,plumber,expert,,abc123
2198,Nero Church,09/12/2004,"P.O. Box 762, 7350 Nullam Ave",La Cruz,5371,Eritrea,1-415-937-6421,ABN,female,any nuts,kosher,MBBS,"8yr, 6yr","electrical engineer,  aeronautical engineer, builder",novice,"hindi, arabic, , mandarin",abc123
2200,Rahim Barker,07/02/1979,Ap #534-3480 Penatibus Ave,Lahore,OF3 7TU,Croatia,881-8489,ADHAAR,male,pasta,vegan,MBA,5yr,"builder,  aeronautical engineer, plumber",novice,portugese,abc123
2202,Hedda Conley,04/17/1977,540 Sed Street,Trois-Rivières,48128,Uruguay,450-4393,ADHAAR,male,lactose,none,"MIT, BDS",10yr,"mechanical engineer,  aeronautical engineer",advanced,"hausa, mandarin",abc123
2204,Desirae Waller,01/11/1973,143-8363 Suscipit St.,Bear,8442,Netherlands,1-363-881-2536,TFN,male,cereals,none,MS,15yr,"general practitioner, painter",novice,", italian",abc123
2206,Lionel Wyatt,05/27/1971,Ap #736-7990 Donec Ave,Ophoven,20930,United Arab Emirates,1-626-968-5396,ADHAAR,male,lactose,vegan,BDS,12yr,civil engineer,expert,"hindi, spanish, javanese",abc123
2208,Beatrice Mccullough,03/04/1974,Ap #319-1334 Libero. Road,Laces/Latsch,760305,Suriname,1-407-818-8071,ABN,male,beef,none,,,"electrical engineer, developer",advanced,"english, french",abc123
2210,Amery Moran,04/11/1994,307-272 Mi Avenue,Lörrach,37844,Sweden,259-9559,ABN,female,peanuts,halal,MBA,"8yr, 12yr",,advanced,"punjabi, javanese, russian",abc123
2212,Jolie Alston,11/05/1987,751-8469 Dictum Street,Soye,79604,Mali,615-7460,TFN,female,none,none,MIT,"4yr, 8yr","plumber, surgeon,  aeronautical engineer",intermediate,"spanish, english, javanese, hindi",abc123
2214,Valentine Le,10/05/1986,871-1758 Quis Ave,Greater Sudbury,1061,Iran,1-142-213-9290,TFN,female,lactose,vegetarian,MDS,"9yr, 8yr","developer, plumber",expert,javanese,abc123
2216,Elmo Fisher,07/18/1973,"P.O. Box 305, 3417 Metus. Rd.",San Chirico Nuovo,281038,Tanzania,871-4385,ADHAAR,female,lactose,none,MIT,," aeronautical engineer, surgeon",novice,"javanese, malay, french",abc123
2218,Ulysses Daniels,05/28/1993,5655 Et St.,Pizzoferrato,A15 4JF,Turkey,1-833-711-0162,ABN,female,any nuts,vegetarian,"MDS, ME","8yr, 7yr",surgeon,advanced,,abc123
2220,Clark Oneil,07/04/1982,"Ap #828-2098 Amet, Street",Beaumont,17393,France,1-976-510-9945,SSN,female,cereals,vegetarian,MDS,6yr,"civil engineer,  aeronautical engineer, electrical engineer",expert,"javanese, ",abc123
2222,Camden Harris,02/25/1989,2077 Tellus. Avenue,Crescentino,Z9163,Iceland,1-237-612-0557,PAN,female,cereals,vegan,"ME, BDS",8yr,,intermediate,"bengali, , portugese",abc123
2224,Lars Berry,02/02/1962,1562 Sed Rd.,Treppo Carnico,C4R 4EH,Marshall Islands,1-409-284-4082,ADHAAR,male,cereals,vegetarian,"MDS, MIT","2yr, 5yr",,expert,"javanese, hausa, italian",abc123
2226,Emily Stout,09/09/1982,Ap #612-2446 Sit Ave,Roccamena,876014,Mongolia,1-927-542-4783,SSN,female,any nuts,halal,"ME, BE",,"surgeon, electrician",advanced,"javanese, french, hindi, hausa",abc123
2228,Fulton Stephenson,05/24/1987,Ap #314-4498 Fusce Ave,Sala Baganza,4854,Angola,996-8444,TFN,female,peanuts,none,,,"electrician, painter,  aeronautical engineer",novice,"telugu, russian, arabic",abc123
2230,Colin Love,05/25/1965,463-495 Dictum Rd.,Noicattaro,3564,Kenya,984-0318,ABN,male,pork,vegan,,,,novice,,abc123
2232,Galena Wiggins,11/27/1995,"P.O. Box 808, 9934 Mollis Rd.",Jabbeke,6486,Guadeloupe,538-1742,ABN,male,cereals,vegan,,"1yr, 15yr",,novice,italian,abc123
2234,Marny Jimenez,04/20/1996,Ap #729-9019 Nisi Road,Weiz,6740,Philippines,1-599-794-1215,PAN,female,any nuts,kosher,"MIT, ME","15yr, 10yr"," aeronautical engineer, developer, general practitioner",novice,hindi,abc123
2236,Julie Hopper,05/27/1999,362-9847 Neque Avenue,Novgorod,11209,Philippines,761-4673,ADHAAR,female,peanuts,halal,"MBBS, BE",7yr,"civil engineer, electrician",novice,"bengali, hausa, mandarin, french",abc123
2238,Paul Tyson,05/13/1977,"P.O. Box 206, 8826 Ultrices Avenue",Opglabbeek,348422,Comoros,367-9135,ADHAAR,male,peanuts,vegan,MDS,,general practitioner,expert,,abc123
2240,Macey Welch,12/18/2010,"P.O. Box 492, 5027 Consequat Ave",Zandvoorde,4128,Bouvet Island,1-137-341-4699,SSN,female,cereals,none,BDS,"6yr, 2yr","mechanical engineer, painter",expert,"bengali, hindi, javanese",abc123
2242,Michael Meyer,07/21/1977,Ap #586-3864 Tristique Road,Bois-de-Villers,10785,Bulgaria,1-670-881-4694,ADHAAR,female,cereals,kosher,MBA,10yr,surgeon,novice,"mandarin, hausa, arabic",abc123
2244,Demetria Bates,10/04/1998,"P.O. Box 819, 3517 Fermentum Av.",Neuville,40303,United Arab Emirates,1-884-828-0970,SSN,male,lactose,none,"MBBS, ME",10yr,,advanced,,abc123
2246,Naida Lowery,07/20/1975,9779 Ante Avenue,Vishakhapatnam,L1A 0C2,Tanzania,608-7842,PAN,male,beef,vegetarian,"MS, ME","3yr, 4yr",builder,expert,"portugese, hausa, hindi, english",abc123
2248,Charde Valdez,04/24/1992,"P.O. Box 451, 152 Phasellus Rd.",StrŽe,40922,Samoa,487-5096,SSN,female,cereals,none,"MBA, ME","14yr, 4yr",,expert,"javanese, ",abc123
2250,Nell Moon,06/03/1971,"498-5190 Cursus, Rd.",Valleyview,57-672,French Polynesia,248-4444,PAN,male,seafood,none,"BE, BDS",,"mechanical engineer, civil engineer",intermediate,"bengali, hindi",abc123
2252,Iris Becker,10/12/1979,Ap #848-7183 Suspendisse Av.,Hudson's Hope,27700,Afghanistan,425-3028,ADHAAR,female,cereals,none,MBA,"6yr, 15yr",mechanical engineer,novice,,abc123
2254,Libby Newton,07/31/1969,7770 Penatibus Road,Bridgend,725172,Gibraltar,1-861-434-6391,TFN,male,cereals,halal,MBA,"3yr, 6yr","surgeon, developer",advanced,,abc123
2256,Hall Hale,01/03/1977,"5958 Non, Avenue",Auldearn,5577,Tajikistan,471-5680,ABN,female,pasta,vegan,"MIT, MS",,developer,expert,"french, malay, punjabi, mandarin",abc123
2258,Oleg Wells,10/30/2003,224-4534 Nibh St.,Fresno,83848,Singapore,574-6232,ABN,female,beef,kosher,MIT,6yr,"painter, civil engineer, electrical engineer",advanced,"spanish, hindi, javanese",abc123
2260,Sybil Cross,04/08/2005,7783 Ridiculus Street,Portigliola,8109,Congo (Brazzaville),1-991-911-8984,ABN,female,none,vegan,MS,14yr,"painter, electrician",intermediate,"english, portugese",abc123
2262,Claudia Prince,04/17/1961,426-2160 Nunc Avenue,Bolano,18558,Iran,756-6504,PAN,female,seafood,none,MBA,12yr,"civil engineer, electrical engineer",advanced,"punjabi, mandarin",abc123
2264,Len Moody,01/06/2006,"P.O. Box 159, 4093 Sem St.",Indore,20804,Saint Pierre and Miquelon,728-6691,SSN,male,any nuts,halal,"MBBS, ME","14yr, 6yr","mechanical engineer, plumber",expert,,abc123
2266,Alec Moon,05/19/1982,Ap #696-8106 Turpis. Rd.,Camponogara,J80 4OU,Comoros,765-2125,PAN,female,pasta,vegetarian,,"3yr, 4yr",,intermediate,"punjabi, javanese",abc123
2268,Rhoda Freeman,05/18/1980,381-1881 Porttitor Rd.,Licantén,26097,Sint Maarten,1-425-477-1024,TFN,female,beef,vegetarian,,,,intermediate,"bengali, telugu, russian, javanese",abc123
2270,Alice Snider,07/08/2007,Ap #727-5771 Ullamcorper. Av.,Caplan,27729,"Virgin Islands, British",1-243-860-4897,TFN,female,cereals,none,"BDS, ME",,surgeon,advanced,"hindi, portugese, , javanese",abc123
2272,Debra Mills,12/25/1992,1980 Auctor Ave,Rae Bareli,42200,Lithuania,1-916-155-7109,TFN,male,pasta,vegan,"BDS, MBBS","9yr, 7yr",,intermediate,french,abc123
2274,Harper Buckley,04/08/1987,394-5017 Fermentum St.,Zaria,60617,"Virgin Islands, United States",886-7181,PAN,male,cereals,halal,,15yr,surgeon,novice,"french, malay, russian",abc123
2276,Joy Crane,05/22/2006,"P.O. Box 616, 4333 Orci Rd.",Olsztyn,77940,Dominica,126-4438,PAN,male,lactose,vegan,"MIT, BE","12yr, 10yr","developer, electrical engineer",expert,"arabic, italian, english",abc123
2278,Reece Pate,03/28/1978,"9569 Non, Avenue",Lieferinge,722378,Egypt,1-307-468-9738,PAN,male,lactose,halal,,3yr,"electrical engineer, civil engineer",expert,"russian, javanese, french, english",abc123
2280,Sophia Rowe,10/20/2000,"P.O. Box 362, 2485 Sed Street",Palagano,5164,Lithuania,1-366-207-3217,ABN,female,peanuts,none,"BE, BDS",7yr, aeronautical engineer,expert,javanese,abc123
2282,Roanna Gentry,01/07/1989,"P.O. Box 995, 6532 Neque. Rd.",Chimbote,14355-854,Mozambique,1-451-419-0416,PAN,female,none,kosher,,5yr,mechanical engineer,intermediate,"telugu, bengali, portugese",abc123
2284,Benjamin Porter,08/07/2008,992-3451 Tincidunt St.,Tiverton,579427,Guyana,1-109-953-4307,ABN,female,beef,none,MBA,"15yr, 3yr",general practitioner,advanced,"portugese, bengali, spanish",abc123
2286,Isaac David,11/05/2009,Ap #935-3905 Vulputate Road,Eugene,982273,Barbados,751-2400,PAN,male,peanuts,vegetarian,"MS, MBA",7yr,"painter, civil engineer",advanced,"telugu, portugese, italian",abc123
2288,Mechelle Jordan,02/21/2009,847-7163 Bibendum Avenue,Dallas,25610-30684,Kazakhstan,1-689-757-2938,ABN,female,beef,halal,MIT,"9yr, 6yr"," aeronautical engineer, electrician, surgeon",expert,spanish,abc123
2290,Eliana Lopez,11/28/1968,808-1630 Rutrum Av.,Parndorf,682358,Gibraltar,1-526-737-5547,ADHAAR,female,pork,vegan,,12yr,developer,expert,"malay, english",abc123
2292,Clarke Wooten,02/07/1994,"3855 A, Av.",Enna,DQ6Q 1CT,Norway,1-169-761-0659,TFN,male,seafood,kosher,,,,intermediate,"arabic, portugese",abc123
2294,Ishmael Carr,03/11/1962,9958 In Ave,Autre-Eglise,2552,Uruguay,861-8686,ADHAAR,female,beef,none,"MDS, BE",,"surgeon,  aeronautical engineer, electrician",advanced,"english, telugu, javanese",abc123
2296,Marshall Cross,03/30/1996,679-7244 Tortor. Rd.,Tumbler Ridge,Z1249,Solomon Islands,815-8843,ADHAAR,male,lactose,halal,BE,"3yr, 4yr","plumber, mechanical engineer",novice,,abc123
2298,Mira Howe,07/24/1976,9784 Sociis Rd.,Elen,39196,Paraguay,338-8507,ADHAAR,male,pork,kosher,,3yr,"plumber, mechanical engineer, electrician",intermediate,"hindi, spanish, mandarin",abc123
2300,Joel Cherry,07/26/1994,1018 Aliquam Ave,Hines Creek,185366,Mayotte,327-4410,TFN,male,any nuts,none,ME,"12yr, 4yr","mechanical engineer, builder",novice,"javanese, french, hindi",abc123
2302,Kiona Caldwell,01/19/1969,"P.O. Box 108, 4536 A, Road",Racine,84558,United States Minor Outlying Islands,1-756-431-2323,ADHAAR,female,pasta,vegetarian,MBBS,"14yr, 8yr",surgeon,intermediate,"bengali, italian",abc123
2304,Nerea Baker,02/12/2007,542-8311 Cras Rd.,Çarşamba,50100,Guinea,408-3582,PAN,female,pasta,vegetarian,"MBA, MIT","8yr, 14yr",,expert,,abc123
2306,Jescie Mccarty,06/07/2005,"P.O. Box 810, 8692 Lorem Avenue",Nederokkerzeel,784335,Armenia,565-5082,TFN,female,seafood,halal,,14yr," aeronautical engineer, developer, surgeon",advanced,,abc123
2308,Zenaida Osborn,07/13/1970,Ap #359-4017 Vel Road,Ciudad Obregón,61400,Seychelles,1-582-173-3941,TFN,male,peanuts,none,"BE, ME",8yr,,novice,"english, hausa, mandarin, telugu",abc123
2310,Aquila Herrera,01/26/1988,"Ap #943-4185 Vel, Avenue",Aurora,20800,Botswana,1-814-910-6650,ADHAAR,male,pasta,vegetarian,MBA,5yr,surgeon,intermediate,"italian, english, javanese, punjabi",abc123
2312,Audrey Bishop,12/20/2008,"P.O. Box 293, 2644 Diam. St.",Dallas,495497,Eritrea,944-3292,SSN,female,cereals,kosher,,4yr,developer,expert,"malay, mandarin",abc123
2314,Risa Chan,02/12/1981,101-1022 Pede. Av.,Nasirabad,30365,Saint Kitts and Nevis,1-316-827-3708,ABN,male,pasta,none,,"2yr, 15yr",,expert,"malay, russian, spanish",abc123
2316,Elijah Cook,08/05/2003,Ap #178-2930 Elit. Ave,Asbestos,647071,Uruguay,1-546-941-2516,TFN,male,pasta,vegan,MBA,"3yr, 12yr",plumber,advanced,"spanish, french",abc123
2318,Bethany Snow,12/15/1998,"P.O. Box 204, 9776 Id, Av.",La Salle,7801,Slovakia,650-0427,SSN,female,any nuts,kosher,BE,,electrical engineer,advanced,spanish,abc123
2320,Brenna Sampson,06/06/1960,"120-1508 Vulputate, Rd.",St. John's,6472,Albania,1-697-882-2668,ADHAAR,male,seafood,vegan,,,,advanced,,abc123
2322,Aurelia Medina,03/29/1967,"P.O. Box 575, 6625 Erat, St.",Grand Island,Y3 0LO,Morocco,1-442-896-8032,ADHAAR,female,seafood,vegetarian,BE,"9yr, 5yr", aeronautical engineer,intermediate,", russian",abc123
2324,Aristotle Mcintyre,11/17/1986,1833 Feugiat. Avenue,Rocourt,613813,Aruba,1-923-716-1472,SSN,male,pork,none,MS,7yr,"developer,  aeronautical engineer, surgeon",novice,"french, punjabi, malay, ",abc123
2326,Geraldine Marshall,07/14/1961,602-3599 Mauris St.,Lacombe,21600,Laos,1-506-363-1276,TFN,male,cereals,none,"MIT, MS","7yr, 2yr",,expert,english,abc123
2328,Bruno Bryant,05/02/1979,917-3373 Et Road,Yaroslavl,22930,Moldova,1-754-231-0733,PAN,female,any nuts,halal,MIT,,"painter, civil engineer",intermediate,"bengali, malay",abc123
2330,Quintessa Cash,09/02/1971,"P.O. Box 203, 5078 Dictum Avenue",Khanewal,18648,Togo,1-260-535-4496,ADHAAR,male,pasta,halal,BE,2yr,"painter, electrician",intermediate,malay,abc123
2332,Hedda Obrien,04/23/1994,784-4139 Ac Av.,Golspie,G8P 5J2,Fiji,139-5668,PAN,male,lactose,vegan,,,,novice,spanish,abc123
2334,Whoopi Duffy,03/30/2002,Ap #708-6035 Cursus. St.,Tuticorin,60175,Paraguay,780-8592,SSN,male,lactose,none,MBA,,,novice,"telugu, english",abc123
2336,Marcia Nguyen,11/07/1981,"P.O. Box 206, 7338 Ornare, St.",Denver,13427,"Bonaire, Sint Eustatius and Saba",490-6569,PAN,female,pasta,halal,"MBBS, MS",,mechanical engineer,expert,"french, punjabi",abc123
2338,Rhiannon Valencia,10/01/1986,254-281 Nulla. Rd.,Dallas,99405-02027,Faroe Islands,496-5950,SSN,female,lactose,none,MBA,"14yr, 6yr",surgeon,intermediate,"arabic, javanese, punjabi",abc123
2340,Aimee Alexander,06/12/1983,958-1690 Dictum. Avenue,Spresiano,15388,Afghanistan,1-611-318-9403,TFN,male,none,vegetarian,"MIT, MBBS","7yr, 3yr","builder, general practitioner, plumber",novice,hausa,abc123
2342,Hannah Dominguez,02/09/1987,"P.O. Box 453, 9988 Molestie Avenue",Wels,763583,Saudi Arabia,1-500-991-2401,ADHAAR,female,pork,halal,BDS,"6yr, 7yr","electrician,  aeronautical engineer, mechanical engineer",expert,,abc123
2344,Nicholas Paul,08/05/1960,658-9932 Nec Ave,Mulchén,21505,Israel,702-3750,TFN,male,cereals,vegetarian,ME,14yr,"electrician, general practitioner",intermediate,"french, bengali",abc123
2346,Belle Kline,02/21/1976,Ap #491-1994 Rutrum St.,Illkirch-Graffenstaden,854349,United States Minor Outlying Islands,1-846-293-1717,ABN,male,cereals,vegetarian,"MIT, ME","12yr, 10yr","general practitioner, surgeon",expert,telugu,abc123
2348,Kylan Mayer,01/22/1998,382-5727 Fermentum Street,Ibadan,99479,Monaco,1-915-544-3950,TFN,female,peanuts,halal,MDS,15yr,general practitioner,novice,hindi,abc123
2350,Gannon Meyers,01/30/2008,Ap #122-8593 Quisque Rd.,Thuin,39926,Aruba,1-465-387-0497,PAN,female,lactose,vegetarian,,"14yr, 10yr","builder, electrician, civil engineer",expert,"portugese, arabic, telugu",abc123
2352,Lareina Mckay,07/19/1986,919-4322 Lorem Ave,Ganganagar,956033,Taiwan,794-8517,PAN,male,beef,vegan,MDS,1yr,surgeon,advanced,mandarin,abc123
2354,Tanek Mayer,04/11/1990,Ap #682-2015 Sed St.,Birori,27729,Guyana,1-974-658-3400,TFN,male,any nuts,vegetarian,MS,"10yr, 9yr",general practitioner,novice,english,abc123
2356,Helen Goodman,03/04/1995,438-6241 Justo. Ave,Los Ángeles,16704,Lesotho,1-618-837-6641,PAN,female,pork,vegan,,"6yr, 3yr",civil engineer,intermediate,,abc123
2358,Kuame Farrell,12/06/1993,Ap #997-3045 Eu Rd.,Macklin,4932,Greece,1-188-797-8832,ADHAAR,male,pork,vegetarian,BE,,"plumber, mechanical engineer",intermediate,"italian, malay",abc123
2360,Willow Klein,05/20/1992,"331-586 Id, Rd.",Mondolfo,969734,"Congo, the Democratic Republic of the",1-393-159-1795,SSN,male,lactose,vegan,"MBA, ME",14yr,,advanced,arabic,abc123
2362,Angela Riggs,08/30/1971,5040 Tincidunt St.,Worcester,2130,Turkmenistan,832-4094,TFN,female,beef,halal,"BE, MBBS",14yr," aeronautical engineer, electrician",intermediate,,abc123
2364,Emma Ratliff,12/21/1962,"Ap #226-2576 Tempus, Av.",Blenheim,8145,Burundi,846-7400,SSN,female,beef,kosher,,"2yr, 3yr",,expert,,abc123
2366,Deacon Lindsey,07/12/1965,"P.O. Box 512, 6840 Non St.",Harrisburg,6131 WP,Hong Kong,1-399-521-8629,PAN,male,pasta,none,MDS,15yr,"painter, general practitioner",novice,"malay, arabic, italian, french",abc123
2368,Rahim Rojas,11/18/2001,699-5696 A Rd.,Ozyorsk,823823,Sweden,550-9021,SSN,female,pork,halal,MBA,,"mechanical engineer, plumber",intermediate,"portugese, mandarin, russian",abc123
2370,Colleen Crawford,03/22/1967,"P.O. Box 295, 1748 Tempor Ave",La Spezia,583509,Zambia,1-242-213-7200,ADHAAR,male,pasta,halal,"MS, MDS",,"mechanical engineer, plumber, electrician",novice,,abc123
2372,Noble Frost,04/23/2005,"P.O. Box 910, 7165 Neque St.",Manoppello,588185,Brunei,1-510-381-2996,SSN,male,pork,halal,,"10yr, 9yr","electrical engineer, general practitioner",novice,"javanese, portugese, arabic, telugu",abc123
2374,April Bennett,10/08/1967,Ap #505-4808 Nonummy Ave,Novodvinsk,7053,Somalia,661-8274,TFN,male,cereals,vegan,MIT,"5yr, 9yr",plumber,advanced,"russian, malay, punjabi, french",abc123